{"R\u00e9gression Logistique": {"accuracy": 0.8711117955035418, "recall_class0": 0.9005009263706855, "precision_class0": 0.873643565674722, "f1_macro": 0.8685619511134203, "roc_auc": 0.9260546950849118, "fpr": [0.0, 0.0011665408632402388, 0.00226446167570164, 0.003431002538941879, 0.004666163452960955, 0.005901324366980032, 0.0069992451794414325, 0.00823440609346051, 0.009538187058258422, 0.010979208124614013, 0.012145748987854251, 0.01358677005420984, 0.014821930968228916, 0.016194331983805668, 0.017772593151718932, 0.019144994167295683, 0.020517395182872437, 0.0220956563507857, 0.02346805736636245, 0.024771838331160364, 0.02628147944829479, 0.02799698071776573, 0.02971248198723667, 0.03149660330748645, 0.03300624442462088, 0.03472174569409182, 0.03650586701434159, 0.03842722843614904, 0.04021134975639882, 0.0419954710766486, 0.0436423522953407, 0.045495093666369314, 0.047210594935840254, 0.04899471625609003, 0.050572977424003296, 0.05318053935359912, 0.05530776092774309, 0.05736636245110821, 0.059287723872915664, 0.06107184519316544, 0.06340492691964592, 0.06525766829067453, 0.06807109037260688, 0.06964935154052014, 0.07198243326700061, 0.07479585534893296, 0.07726617717697111, 0.08069717971591299, 0.08248130103616276, 0.08467714266108557, 0.0874905647430179, 0.08975502641871955, 0.09181362794208468, 0.09394084951622864, 0.0960680710903726, 0.0980580525629589, 0.10039113428943937, 0.10279283606669869, 0.10492005764084265, 0.10814520002744803, 0.11109586221093803, 0.11438962464832224, 0.11740890688259109, 0.12159472998010018, 0.12571193302683045, 0.12797639470253208, 0.13223083785082002, 0.13470115967885815, 0.13854388252247307, 0.14266108556920332, 0.14568036780347218, 0.14897413024085637, 0.1524737528305771, 0.15617923557263433, 0.1601591985178069, 0.16537432237699856, 0.16935428532217114, 0.17381458862279558, 0.1801962533452275, 0.18472517669663074, 0.19055788101283194, 0.1966650655321485, 0.20085088862965758, 0.2043505112193783, 0.20826185411377204, 0.2140259383791944, 0.22013312289851095, 0.22637754751938516, 0.2308378508200096, 0.2379743361010087, 0.24209153914773898, 0.24703218280381528, 0.25499210869416045, 0.2635696150415151, 0.2680985383929184, 0.2739312427091196, 0.2813422081932341, 0.28847869347423316, 0.2950662183490016, 0.3008989226652028, 0.31256433129760514, 0.3212104576957387, 0.329513483839978, 0.3381596102381116, 0.34653125643312976, 0.35730460440540723, 0.3636176490770603, 0.3720579153228573, 0.37994922116242363, 0.38777190695121116, 0.401770397310094, 0.41075962396212173, 0.42393467371165855, 0.4375900638166472, 0.4462361902147808, 0.45591161737459684, 0.4702532079873739, 0.48315377753379535, 0.4921430041858231, 0.5064159747478213, 0.5148562409936184, 0.5305702326219721, 0.5401770397310094, 0.551773828312633, 0.5650174981129487, 0.5810059699444178, 0.5958279009126467, 0.6118163727441158, 0.6304810265559596, 0.6490084402662458, 0.6647224318945996, 0.6864063679407123, 0.7052768819048926, 0.7295683798806011, 0.7493309545049064, 0.768475948672202, 0.7947574281204968, 0.8219995882796953, 0.8405270019899814, 0.8618678377822, 0.8807383517463803, 0.9050298497220888, 0.9193714403348658, 0.9359088725725657, 0.9443491388183627, 0.9559459273999863, 0.9706306182666575, 0.9815412063404927, 0.992794894668222, 1.0], "tpr": [0.0, 0.347540121020784, 0.41550469174778565, 0.4618082960624397, 0.4996053670086819, 0.5232833464877664, 0.5474875032886083, 0.5707270016662281, 0.5831798649478207, 0.5994036657020082, 0.6156274664561957, 0.6315881785495046, 0.6429886871875822, 0.6538630185039025, 0.6605279312461633, 0.6664912742260809, 0.6741208453915636, 0.6799087959308954, 0.6901692537051654, 0.6974480399894765, 0.7042883451723231, 0.710777865473998, 0.715425765149522, 0.7203367534859247, 0.7248092607208629, 0.7306849074804876, 0.7347189336139612, 0.7403314917127072, 0.7441024291853021, 0.7484872401999474, 0.7535736209769359, 0.7577830395509954, 0.760852407261247, 0.7649741296150135, 0.7686573708673157, 0.7722529158993248, 0.7754099798298694, 0.7796193984039288, 0.7832149434359379, 0.786810488467947, 0.7900552486187845, 0.7928615276681575, 0.7959308953784092, 0.7986494782074892, 0.8020696307989126, 0.8055774796106288, 0.8089099359817592, 0.8108392528282031, 0.8134701394369903, 0.8167148995878277, 0.8195211786372008, 0.8225028501271595, 0.8244321669736034, 0.8268876611418048, 0.8297816364114706, 0.8321494343593792, 0.8343418398667017, 0.8362711567131457, 0.8393405244233973, 0.8420591072524775, 0.8453915636236078, 0.8478470577918091, 0.8502148557397177, 0.8524072612470402, 0.85451197053407, 0.8565289836008068, 0.8589844777690081, 0.8610891870560379, 0.862843111461896, 0.8651232131895116, 0.8671402262562483, 0.8699465053056213, 0.8718758221520653, 0.8743313163202666, 0.8762606331667105, 0.8781899500131545, 0.8802069630798912, 0.8817854950451636, 0.8837148118916075, 0.8857318249583443, 0.8877488380250811, 0.8893273699903534, 0.8911689906165045, 0.8929229150223625, 0.8946768394282206, 0.8961676751732001, 0.8980092957993511, 0.8997632202052092, 0.9013417521704814, 0.9030956765763396, 0.9048496009821977, 0.9066035253880558, 0.908182057353328, 0.9099359817591862, 0.9120406910462159, 0.913794615452074, 0.9151977549767605, 0.9169516793826186, 0.9185302113478909, 0.9201087433131632, 0.9219503639393142, 0.9237919845654652, 0.9254582127510305, 0.9271244409365956, 0.9287906691221608, 0.9304568973077261, 0.9321231254932912, 0.9337893536788564, 0.9352801894238358, 0.9370341138296939, 0.9387003420152591, 0.9402788739805314, 0.9420327983863895, 0.9436990265719547, 0.9451898623169341, 0.9470314829430851, 0.9485223186880646, 0.9500131544330439, 0.951767078838902, 0.9532579145838814, 0.9546610541085679, 0.9561518898535473, 0.9578181180391125, 0.9593966500043848, 0.9607997895290713, 0.9622906252740507, 0.9639568534596159, 0.9655353854248881, 0.9671139173901605, 0.9686047531351398, 0.9700955888801193, 0.9715864246250987, 0.973077260370078, 0.9748311847759361, 0.9763220205209155, 0.977812856265895, 0.9793036920108743, 0.9807945277558537, 0.9824607559414189, 0.9839515916863983, 0.9854424274313777, 0.98702095939665, 0.9885117951416293, 0.9900903271069017, 0.9915811628518811, 0.9931596948171534, 0.9950890116635973, 0.9968429360694554, 0.9982460755941419, 1.0], "confusion_matrix": [[13123, 1450], [1898, 9505]]}, "KNN": {"accuracy": 0.9307822605481983, "recall_class0": 0.9672682357784945, "precision_class0": 0.9143153661542454, "f1_macro": 0.9290889999790174, "roc_auc": 0.9795097898631149,